31 Mar 2015,37
09 Apr 2015,48
25 Mar 2015,12
03 Apr 2015,31
03 May 2015,29
27 Feb 2015,8
15 Apr 2015,56
12 Apr 2015,32
13 Mar 2015,10
22 Mar 2015,16
06 Apr 2015,25
06 May 2015,54
24 Apr 2015,49
27 Apr 2015,60
04 Mar 2015,8
01 Mar 2015,17
10 Mar 2015,9
09 Mar 2015,20
06 Mar 2015,8
10 Apr 2015,36
13 Apr 2015,42
27 Mar 2015,27
12 Mar 2015,19
07 Apr 2015,46
02 May 2015,45
25 Apr 2015,40
02 Apr 2015,38
14 Apr 2015,47
16 Mar 2015,21
23 Mar 2015,18
11 Mar 2015,14
28 Mar 2015,36
08 Apr 2015,47
08 May 2015,2
05 Mar 2015,8
02 Mar 2015,14
29 Apr 2015,60
26 Apr 2015,31
08 Mar 2015,11
17 Mar 2015,23
29 Mar 2015,22
07 May 2015,16
01 May 2015,42
25 Feb 2015,4
04 Apr 2015,48
01 Apr 2015,38
30 Mar 2015,43
24 Mar 2015,14
04 May 2015,41
28 Feb 2015,35
16 Apr 2015,49
15 Mar 2015,31
18 Mar 2015,14
21 Mar 2015,25
26 Feb 2015,16
30 Apr 2015,44
03 Mar 2015,7
28 Apr 2015,37
07 Mar 2015,21
26 Mar 2015,24
20 Mar 2015,5
19 Mar 2015,20
11 Apr 2015,53
05 Apr 2015,18
05 May 2015,39
14 Mar 2015,34
23 Apr 2015,19
17 Apr 2015,7
