31 Mar 2015,166
09 Apr 2015,204
03 Apr 2015,132
03 May 2015,237
25 Mar 2015,82
27 Feb 2015,25
15 Apr 2015,170
12 Apr 2015,159
13 Mar 2015,53
22 Mar 2015,71
06 May 2015,308
06 Apr 2015,115
24 Apr 2015,174
27 Apr 2015,180
01 Mar 2015,44
04 Mar 2015,37
10 Mar 2015,22
09 Mar 2015,29
06 Mar 2015,27
10 Apr 2015,192
13 Apr 2015,227
27 Mar 2015,110
12 Mar 2015,52
07 Apr 2015,211
02 May 2015,259
25 Apr 2015,177
02 Apr 2015,172
14 Apr 2015,214
16 Mar 2015,63
23 Mar 2015,44
11 Mar 2015,29
28 Mar 2015,103
08 May 2015,38
08 Apr 2015,160
05 Mar 2015,43
02 Mar 2015,46
26 Apr 2015,153
29 Apr 2015,221
08 Mar 2015,54
17 Mar 2015,52
29 Mar 2015,142
07 May 2015,210
01 May 2015,184
25 Feb 2015,6
04 Apr 2015,164
01 Apr 2015,149
30 Mar 2015,144
28 Feb 2015,70
24 Mar 2015,47
04 May 2015,245
16 Apr 2015,173
15 Mar 2015,39
18 Mar 2015,49
21 Mar 2015,79
26 Feb 2015,30
30 Apr 2015,226
28 Apr 2015,150
03 Mar 2015,21
07 Mar 2015,55
26 Mar 2015,85
20 Mar 2015,49
11 Apr 2015,180
19 Mar 2015,45
05 Apr 2015,83
05 May 2015,225
14 Mar 2015,98
23 Apr 2015,103
17 Apr 2015,31
